Distribution,ProtoTypesExist,EncoderDecodersWork
Distributions.AbstractMixtureModel,false,false
Distributions.AbstractMvLogNormal,false,false
Distributions.AbstractMvNormal,false,false
Distributions.AbstractMvTDist,false,false
Distributions.Arcsine,false,false
Distributions.Bernoulli,false,false
Distributions.Beta,false,false
Distributions.BetaBinomial,false,false
Distributions.BetaPrime,false,false
Distributions.Binomial,false,false
Distributions.Biweight,false,false
Distributions.Categorical,false,false
Distributions.Cauchy,false,false
Distributions.Chi,false,false
Distributions.Chisq,false,false
Distributions.Cosine,false,false
Distributions.Dirichlet,false,false
Distributions.DirichletMultinomial,false,false
Distributions.DiscreteUniform,false,false
Distributions.EdgeworthAbstract,false,false
Distributions.EmpiricalUnivariateDistribution,false,false
Distributions.Epanechnikov,false,false
Distributions.Erlang,false,false
Distributions.Exponential,false,false
Distributions.FDist,false,false
Distributions.Frechet,false,false
Distributions.Gamma,false,false
Distributions.GeneralizedExtremeValue,false,false
Distributions.GeneralizedPareto,false,false
Distributions.Geometric,false,false
Distributions.Gumbel,false,false
Distributions.Hypergeometric,false,false
Distributions.InverseGamma,false,false
Distributions.InverseGaussian,false,false
Distributions.InverseWishart,false,false
Distributions.KSDist,false,false
Distributions.KSOneSided,false,false
Distributions.Kolmogorov,false,false
Distributions.Laplace,false,false
Distributions.Levy,false,false
Distributions.LocationScale,false,false
Distributions.LogNormal,false,false
Distributions.Logistic,false,false
Distributions.Multinomial,false,false
Distributions.NegativeBinomial,false,false
Distributions.NoncentralBeta,false,false
Distributions.NoncentralChisq,false,false
Distributions.NoncentralF,false,false
Distributions.NoncentralHypergeometric,false,false
Distributions.NoncentralT,false,false
Distributions.Normal,true,true
Distributions.NormalCanon,false,false
Distributions.NormalInverseGaussian,false,false
Distributions.Pareto,false,false
Distributions.Poisson,false,false
Distributions.PoissonBinomial,false,false
Distributions.Rayleigh,false,false
Distributions.Semicircle,false,false
Distributions.Skellam,false,false
Distributions.SymTriangularDist,false,false
Distributions.TDist,false,false
Distributions.TriangularDist,false,false
Distributions.Triweight,false,false
Distributions.Truncated,false,false
Distributions.Uniform,false,false
Distributions.VonMises,false,false
Distributions.VonMisesFisher,false,false
Distributions.Weibull,false,false
Distributions.Wishart,false,false
